,City,Latitude,Longitude,Max Temperature,Humidity,Clouds,Wind,Country,Date
0,punta arenas,-53.15,-70.9167,32.11,74,0,7.11,CL,1622656110
1,port hedland,-20.3167,118.5667,69.85,37,94,9.22,AU,1622656134
2,hilo,19.7297,-155.09,76.8,79,90,4.61,US,1622655872
3,nome,64.5011,-165.4064,41.16,56,90,8.05,US,1622656135
4,busselton,-33.65,115.3333,60.21,69,96,2.15,AU,1622656135
5,mataura,-46.1927,168.8643,49.48,97,18,3.22,NZ,1622656135
6,college,64.8569,-147.8028,56.08,74,75,0.0,US,1622656135
7,georgetown,5.4112,100.3354,83.89,87,20,5.01,MY,1622655911
8,cape town,-33.9258,18.4232,62.11,80,20,4.0,ZA,1622656082
9,lagoa,39.05,-27.9833,59.5,59,86,5.26,PT,1622656136
10,bilibino,68.0546,166.4372,54.0,50,19,3.87,RU,1622656136
11,pisco,-13.7,-76.2167,64.02,94,90,4.61,PE,1622656136
12,buchanan,5.8808,-10.0467,80.8,83,98,8.43,LR,1622656137
13,kodiak,57.79,-152.4072,47.71,81,90,6.91,US,1622656137
14,pacific grove,36.6177,-121.9166,78.8,91,75,5.01,US,1622656076
15,yerbogachen,61.2767,108.0108,57.45,54,1,3.33,RU,1622656137
16,yellowknife,62.456,-114.3525,60.33,82,40,3.0,CA,1622655906
17,opuwo,-18.0607,13.84,65.8,26,59,9.33,NA,1622656137
18,ribeira grande,38.5167,-28.7,66.6,48,20,11.5,PT,1622656138
19,arlit,18.7369,7.3853,101.57,7,37,6.35,NE,1622656138
20,bandarbeyla,9.4942,50.8122,82.38,72,97,21.56,SO,1622656138
21,kamina,-8.7386,24.9906,73.83,43,100,2.73,CD,1622656139
22,cidreira,-30.1811,-50.2056,69.03,63,70,11.07,BR,1622656139
23,port elizabeth,-33.918,25.5701,62.89,77,0,20.71,ZA,1622656059
24,san patricio,28.017,-97.5169,88.92,57,99,6.76,US,1622656139
25,chuy,-33.6971,-53.4616,64.09,55,24,12.97,UY,1622656139
26,saldanha,-33.0117,17.9442,60.85,84,66,21.23,ZA,1622656140
27,darhan,49.4867,105.9228,46.67,91,33,6.13,MN,1622656140
28,sola,-13.8833,167.55,79.27,80,94,24.14,VU,1622656140
29,carnarvon,-24.8667,113.6333,57.27,82,73,10.36,AU,1622656140
30,port alfred,-33.5906,26.891,60.62,78,96,15.39,ZA,1622656141
31,tuktoyaktuk,69.4541,-133.0374,33.8,69,75,13.8,CA,1622656141
32,hermanus,-34.4187,19.2345,61.9,82,95,13.13,ZA,1622656141
33,rikitea,-23.1203,-134.9692,71.87,60,98,17.29,PF,1622656142
34,upernavik,72.7868,-56.1549,31.95,81,52,7.27,GL,1622656142
35,bluff,-46.6,168.3333,49.8,81,71,10.4,NZ,1622656142
36,kapaa,22.0752,-159.319,77.47,79,1,1.99,US,1622656142
37,huntsville,34.7304,-86.5861,74.98,88,90,1.01,US,1622656143
38,saskylakh,71.9167,114.0833,34.9,87,100,18.81,RU,1622656143
39,hobart,-42.8794,147.3294,54.27,76,90,3.0,AU,1622655902
40,pingliang,35.5392,106.6861,60.62,23,100,7.27,CN,1622656143
41,khatanga,71.9667,102.5,33.49,84,100,3.74,RU,1622656144
42,tazovskiy,67.4667,78.7,36.81,65,100,5.14,RU,1622656144
43,san policarpo,12.1791,125.5072,78.33,85,83,5.61,PH,1622656144
44,porosozero,62.7191,32.727,58.68,57,29,1.79,RU,1622656145
45,sistranda,63.7256,8.834,60.76,75,69,11.27,NO,1622656145
46,butaritari,3.0707,172.7902,82.65,79,100,15.59,KI,1622656145
47,mehamn,71.0357,27.8492,64.35,42,0,4.61,NO,1622656145
48,atuona,-9.8,-139.0333,79.52,72,45,15.52,PF,1622656079
49,barrow,71.2906,-156.7887,28.42,74,90,17.27,US,1622656146
50,kiama,-34.6833,150.8667,54.57,82,98,4.14,AU,1622656146
51,auki,-8.7676,160.7034,78.03,88,54,3.67,SB,1622656146
52,biloela,-24.4167,150.5,62.42,89,95,4.68,AU,1622656147
53,enkhuizen,52.7,5.2833,79.0,76,89,9.51,NL,1622655976
54,bambous virieux,-20.3428,57.7575,76.21,69,40,18.25,MU,1622656147
55,nioro,13.35,-15.75,100.15,23,21,13.6,GM,1622656147
56,naryan-mar,67.6713,53.087,36.82,73,8,18.01,RU,1622656148
57,valdez,1.2492,-78.9831,78.82,80,80,10.07,EC,1622656148
58,baturite,-4.3286,-38.8847,88.27,48,9,5.86,BR,1622656149
59,eyl,7.9803,49.8164,80.76,75,86,17.81,SO,1622656149
60,constitucion,-35.3333,-72.4167,62.78,70,55,10.71,CL,1622656149
61,esterhazy,50.65,-102.0843,77.85,40,71,14.43,CA,1622656149
62,kaitangata,-46.2817,169.8464,42.17,91,13,6.6,NZ,1622656150
63,husavik,66.0449,-17.3389,53.51,74,98,5.44,IS,1622656150
64,tasiilaq,65.6145,-37.6368,41.16,80,22,6.8,GL,1622656150
65,pangnirtung,66.1451,-65.7125,33.8,93,90,10.36,CA,1622656151
66,bredasdorp,-34.5322,20.0403,58.32,94,95,9.69,ZA,1622656151
67,avarua,-21.2078,-159.775,75.25,73,64,12.66,CK,1622656151
68,pevek,69.7008,170.3133,31.73,74,12,2.95,RU,1622656151
69,luganville,-15.5333,167.1667,75.24,81,100,8.57,VU,1622656152
70,norman wells,65.282,-126.8329,44.64,76,75,10.36,CA,1622656152
71,flinders,-34.5833,150.8552,54.37,83,97,1.01,AU,1622656152
72,mar del plata,-38.0023,-57.5575,57.09,68,40,1.01,AR,1622656073
73,krasnyy oktyabr,56.1167,38.8833,50.56,79,68,6.38,RU,1622656153
74,codrington,-38.2667,141.9667,48.42,85,61,7.92,AU,1622656153
75,jalingo,8.8833,11.3667,86.0,55,67,1.79,NG,1622656153
76,poya,-21.35,165.15,69.03,59,59,3.33,NC,1622656153
77,vila,42.0304,-8.1588,60.75,84,100,3.74,PT,1622656154
78,jamestown,42.097,-79.2353,69.51,49,1,9.22,US,1622656154
79,naze,28.3667,129.4833,73.2,88,100,11.86,JP,1622656154
80,tuatapere,-46.1333,167.6833,49.82,89,30,5.26,NZ,1622656155
81,bagdarin,54.4333,113.6,50.41,84,99,2.66,RU,1622656155
82,hithadhoo,-0.6,73.0833,83.82,68,71,17.25,MV,1622656155
83,muroto,33.2833,134.15,68.94,87,97,12.21,JP,1622656156
84,vanavara,60.34,102.2797,56.07,51,2,4.72,RU,1622656156
85,severo-kurilsk,50.6789,156.125,39.85,90,25,8.25,RU,1622656156
86,inhambane,-23.865,35.3833,69.15,85,21,3.69,MZ,1622656156
87,lorengau,-2.0226,147.2712,79.41,87,95,4.54,PG,1622656157
88,svetlaya,46.5389,138.3297,48.63,87,98,0.38,RU,1622656157
89,hambantota,6.1241,81.1185,80.06,83,83,15.79,LK,1622656157
90,tadine,-21.55,167.8833,70.11,58,69,7.83,NC,1622656158
91,esperance,-33.8667,121.9,55.24,78,56,7.99,AU,1622656158
92,puerto ayora,-0.7393,-90.3518,78.76,79,66,8.01,EC,1622656158
93,iralaya,15.0,-83.2333,89.69,69,21,9.37,HN,1622656158
94,dikson,73.5069,80.5464,25.54,89,96,5.97,RU,1622656159
95,mahebourg,-20.4081,57.7,76.24,69,40,12.66,MU,1622656159
96,chokurdakh,70.6333,147.9167,60.87,28,64,4.63,RU,1622656159
97,ramhormoz,31.28,49.6035,98.67,8,0,11.68,IR,1622656160
98,east london,-33.0153,27.9116,61.74,82,20,12.66,ZA,1622656047
99,kindia,10.0569,-12.8658,86.4,57,87,4.0,GN,1622656160
100,ushuaia,-54.8,-68.3,35.22,93,20,5.75,AR,1622655912
101,laguna,38.421,-121.4238,99.43,50,1,8.46,US,1622655893
102,qarqin,37.4185,66.0436,94.14,11,1,7.49,AF,1622656161
103,kieta,-6.2167,155.6333,78.85,83,93,4.16,PG,1622656161
104,talnakh,69.4865,88.3972,34.16,91,97,8.39,RU,1622656161
105,vaini,-21.2,-175.2,68.16,88,20,2.3,TO,1622656161
106,sobolevo,54.4299,31.8996,53.67,77,38,8.75,RU,1622656162
107,porto belo,-27.1578,-48.5531,80.89,63,37,8.19,BR,1622656162
108,marsa matruh,31.3525,27.2453,69.35,60,0,10.2,EG,1622656162
109,thompson,55.7435,-97.8558,77.16,44,20,11.5,CA,1622656163
110,magaria,12.9983,8.9099,97.47,18,74,6.38,NE,1622656163
111,jardim,-21.4803,-56.1381,92.23,28,0,6.22,BR,1622656163
112,longyearbyen,78.2186,15.6401,42.64,70,75,13.8,SJ,1622656163
113,independence,39.0911,-94.4155,75.06,57,1,3.0,US,1622656000
114,cheremukhovo,60.3484,59.9851,42.87,56,4,3.27,RU,1622656164
115,bethel,41.3712,-73.414,81.1,56,40,5.75,US,1622656164
116,komsomolskiy,40.4272,71.7189,79.52,25,40,6.91,UZ,1622656164
117,fazendas de almeirim,39.1755,-8.5693,65.68,64,77,16.13,PT,1622656165
118,provideniya,64.3833,-173.3,33.87,57,22,5.3,RU,1622656165
119,ust-ilimsk,58.0006,102.6619,57.2,52,21,3.11,RU,1622656145
120,kavaratti,10.5669,72.642,83.57,76,24,16.31,IN,1622656165
121,murygino,58.7383,49.4582,47.53,59,2,5.61,RU,1622656166
122,kaniama,-7.5667,24.1833,74.73,46,89,0.09,CD,1622656166
123,kathu,7.9178,98.3332,87.62,66,97,4.92,TH,1622656166
124,buin,-33.7333,-70.75,74.05,35,13,2.39,CL,1622656166
125,monterey,36.2505,-121.2516,58.12,26,18,3.24,US,1622656133
126,cadillac,44.2519,-85.4012,75.11,33,40,6.91,US,1622656167
127,pafos,34.7667,32.4167,71.51,56,20,12.66,CY,1622656167
128,albany,42.6001,-73.9662,78.75,50,100,7.29,US,1622656167
129,gladstone,-23.85,151.25,64.33,88,90,3.44,AU,1622656168
130,limoeiro do ajuru,-1.8953,-49.3806,87.28,60,12,3.71,BR,1622656168
131,bilma,18.6853,12.9164,98.47,8,2,5.19,NE,1622656168
132,narsaq,60.9167,-46.05,52.02,66,100,13.67,GL,1622656169
133,dakar,14.6937,-17.4441,81.48,78,0,11.5,SN,1622656169
134,harper,4.375,-7.7169,81.3,80,56,7.99,LR,1622656169
135,la oroya,-11.5189,-75.8994,55.26,50,100,4.09,PE,1622656169
136,kununurra,-15.7667,128.7333,73.38,78,99,0.0,AU,1622656170
137,uruacu,-14.5247,-49.1408,91.72,23,3,3.87,BR,1622656170
138,saint-leu,-21.15,55.2833,76.06,74,93,3.58,RE,1622656170
139,seda,57.65,25.75,59.67,66,24,4.72,LV,1622656171
140,clyde river,70.4692,-68.5914,28.63,86,90,5.75,CA,1622656171
141,new norfolk,-42.7826,147.0587,53.92,77,99,2.75,AU,1622656171
142,salalah,17.0151,54.0924,82.49,83,20,6.91,OM,1622656084
143,lulea,65.5842,22.1547,60.87,44,0,5.75,SE,1622656172
144,la ronge,55.1001,-105.2842,80.82,36,40,6.91,CA,1622656172
145,rio tercero,-32.173,-64.1141,71.8,43,56,6.58,AR,1622656172
146,bonthe,7.5264,-12.505,82.81,73,85,8.88,SL,1622656173
147,kindu,-2.95,25.95,71.06,92,92,1.57,CD,1622656173
148,zeya,53.75,127.2667,50.45,94,95,4.97,RU,1622656173
149,kaeo,-35.1,173.7833,54.32,92,91,3.71,NZ,1622656173
150,vao,-22.6667,167.4833,69.3,64,84,8.55,NC,1622656174
151,nishihara,26.1842,127.7558,78.85,94,75,6.31,JP,1622656174
152,tilichiki,60.4667,166.1,41.14,71,9,1.07,RU,1622656174
153,kletskaya,49.3145,43.0584,62.56,92,97,5.77,RU,1622656175
154,camacha,33.0833,-16.3333,63.82,55,40,13.8,PT,1622656175
155,alice springs,-23.7,133.8833,49.55,66,49,6.64,AU,1622656175
156,westport,41.1415,-73.3579,80.74,57,1,1.99,US,1622656175
157,yar-sale,66.8333,70.8333,38.07,75,97,9.46,RU,1622656176
158,lovozero,68.005,35.0117,62.92,57,83,3.78,RU,1622656176
159,kismayo,-0.3582,42.5454,78.21,79,100,13.18,SO,1622656176
160,huarmey,-10.0681,-78.1522,70.11,73,95,9.26,PE,1622656177
161,kalmunai,7.4167,81.8167,81.66,82,21,1.54,LK,1622656177
162,nikolskoye,59.7035,30.7861,64.29,65,15,6.26,RU,1622656177
163,tigil,57.8,158.6667,40.14,71,66,1.61,RU,1622656177
164,sosnovskoye,55.8052,43.167,56.14,87,45,6.91,RU,1622656178
165,maarianhamina,60.0973,19.9348,66.06,45,0,5.75,AX,1622656178
166,pasighat,28.0667,95.3333,75.52,95,72,3.29,IN,1622656178
167,shancheng,34.7953,116.0817,70.23,84,100,6.76,CN,1622656179
168,badou,7.5833,0.6,81.68,72,96,1.88,TG,1622656179
169,qaqortoq,60.7167,-46.0333,52.3,78,100,17.78,GL,1622656179
170,nemuro,43.3236,145.575,48.49,100,100,4.63,JP,1622656180
171,fukue,32.6881,128.8419,67.59,88,95,20.0,JP,1622656180
172,ondjiva,-17.0667,15.7333,64.38,25,45,7.05,AO,1622656180
173,airai,-8.9266,125.4092,56.52,89,94,2.42,TL,1622656181
174,motygino,58.1831,94.7592,54.75,66,44,2.55,RU,1622656181
175,ewa beach,21.3156,-158.0072,80.1,67,1,10.0,US,1622656181
176,qaanaaq,77.484,-69.3632,27.64,78,47,1.92,GL,1622656182
177,bonfim,3.0833,-59.95,83.48,72,68,3.31,BR,1622656182
178,havre,49.5833,0.3333,72.48,83,90,2.75,FR,1622656182
179,fairbanks,64.8378,-147.7164,57.09,73,75,0.0,US,1622656183
180,sayat,38.7839,63.8803,93.07,10,1,3.13,TM,1622656183
181,souillac,-20.5167,57.5167,76.35,69,40,17.38,MU,1622655918
182,geraldton,-28.7667,114.6,54.01,82,0,9.82,AU,1622656183
183,bengkulu,-3.8004,102.2655,77.23,86,33,3.85,ID,1622656184
184,lubao,14.9167,120.55,78.87,93,100,16.15,PH,1622656184
185,agadez,19.75,10.25,97.66,7,6,6.96,NE,1622656184
186,cerro largo,-28.1486,-54.7381,72.95,57,87,7.43,BR,1622656184
187,ponta do sol,32.6667,-17.1,63.23,87,97,9.48,PT,1622656185
188,vrangel,42.7297,133.0839,53.67,92,93,7.47,RU,1622656185
189,koumac,-20.5667,164.2833,67.59,73,26,6.51,NC,1622656185
190,oranjestad,12.524,-70.027,85.95,66,20,23.02,AW,1622656185
191,bathsheba,13.2167,-59.5167,86.61,51,40,13.67,BB,1622656186
192,kalagarh,29.5,78.75,82.02,44,0,4.27,IN,1622656186
193,port lincoln,-34.7333,135.8667,59.0,80,8,13.67,AU,1622656186
194,saint-philippe,-21.3585,55.7679,76.59,82,91,14.23,RE,1622656187
195,novopokrovka,49.8425,36.5477,64.78,82,100,16.49,UA,1622656187
196,russell,32.3502,-85.1999,84.15,56,1,5.97,US,1622656187
197,kavieng,-2.5744,150.7967,80.94,82,97,9.24,PG,1622656188
198,berdigestyakh,62.0989,126.6992,49.01,78,78,2.86,RU,1622656188
199,bulgan,48.8125,103.5347,46.11,84,11,2.37,MN,1622655927
200,lavrentiya,65.5833,-171.0,30.07,70,31,13.33,RU,1622656188
201,sibolga,1.7427,98.7792,77.85,89,71,3.85,ID,1622656189
202,tsumeb,-19.2333,17.7167,53.15,27,50,9.4,NA,1622656189
203,san pedro,14.35,121.0167,81.16,92,90,12.57,PH,1622656189
204,jiazi,22.8779,116.067,80.37,91,96,1.95,CN,1622656190
205,toora-khem,52.4675,96.11,49.44,60,85,1.48,RU,1622656190
206,arraial do cabo,-22.9661,-42.0278,80.56,73,0,13.8,BR,1622656190
207,lucea,18.451,-78.1736,84.85,74,5,4.52,JM,1622656191
208,kolosovka,56.4678,73.611,52.45,72,44,5.61,RU,1622656191
209,muros,42.7762,-9.0603,63.1,81,78,9.24,ES,1622655913
210,buala,-8.145,159.5921,79.66,84,55,4.88,SB,1622656191
211,maryville,35.7565,-83.9705,77.99,70,90,10.36,US,1622656192
212,mirnyy,62.5353,113.9611,57.92,46,9,4.0,RU,1622656192
213,lebu,-37.6167,-73.65,57.2,77,56,5.01,CL,1622656192
214,trincomalee,8.5711,81.2335,81.63,78,51,10.85,LK,1622656193
215,baisha,26.5222,110.9311,76.1,96,100,3.36,CN,1622656193
216,torbay,47.6666,-52.7314,72.88,50,20,26.46,CA,1622656193
217,victoria point,-27.5833,153.3,62.44,93,82,3.78,AU,1622656194
218,nigde,37.8333,34.75,52.9,47,34,2.55,TR,1622656194
219,coquimbo,-29.9533,-71.3436,60.53,77,17,6.82,CL,1622655936
220,mossendjo,-2.9506,12.7261,72.48,83,23,0.67,CG,1622656194
221,grand-santi,4.25,-54.3833,83.98,78,73,2.08,GF,1622656195
222,padang,-0.9492,100.3543,78.66,87,80,4.21,ID,1622655910
223,cabo san lucas,22.8909,-109.9124,92.5,37,40,14.97,MX,1622655996
224,puerto narino,-3.7703,-70.3831,85.95,57,12,3.06,CO,1622656195
225,tigzirt,36.8886,4.1198,72.41,68,60,4.85,DZ,1622656195
226,sturgeon bay,44.8342,-87.377,73.36,49,20,10.36,US,1622656196
227,verkhnyaya inta,65.9811,60.3094,34.3,88,100,16.71,RU,1622656196
228,grindavik,63.8424,-22.4338,48.56,71,40,10.11,IS,1622656196
229,kemijarvi,66.7131,27.4306,67.35,48,87,3.69,FI,1622656197
230,abu kamal,34.4506,40.9171,85.01,23,0,7.47,SY,1622656197
231,atambua,-9.1061,124.8925,71.44,89,75,5.08,ID,1622656197
232,port blair,11.6667,92.75,83.55,75,43,3.69,IN,1622656197
233,kingisepp,59.3733,28.6134,58.03,70,50,5.73,RU,1622656198
234,uspenka,48.3903,39.1619,57.61,98,100,0.47,UA,1622656198
235,yamada,39.4667,141.95,59.59,91,5,3.09,JP,1622656198
236,fortuna,40.5982,-124.1573,79.2,100,75,9.22,US,1622656199
237,yanam,16.7333,82.2167,80.85,79,34,2.46,IN,1622656199
238,vagur,61.4732,-6.8119,49.75,92,95,5.5,FO,1622656199
239,prince rupert,54.3161,-130.3201,57.29,94,90,10.36,CA,1622656199
240,komsomolets,53.7453,62.0708,59.31,60,47,10.85,KZ,1622656200
241,faya,18.3851,42.4509,80.71,19,61,11.54,SA,1622656078
242,necochea,-38.5473,-58.7368,52.92,63,83,20.31,AR,1622656200
243,caravelas,-17.7125,-39.2481,78.91,67,48,7.47,BR,1622656200
244,oranjemund,-28.55,16.4333,60.73,57,1,18.59,NA,1622656201
245,nuevo progreso,23.1667,-97.95,83.46,54,83,12.39,MX,1622656201
246,guerrero negro,27.9769,-114.0611,71.46,53,6,10.65,MX,1622655981
247,ambatofinandrahana,-20.55,46.8,54.23,95,7,4.47,MG,1622656201
248,adrar,20.5022,-10.0711,105.06,13,44,2.13,MR,1622656207
249,krasnoselkup,65.7,82.4667,39.51,61,100,8.32,RU,1622656208
250,san cristobal,7.7669,-72.225,82.58,52,100,5.73,VE,1622656208
251,baykit,61.67,96.37,57.04,66,96,2.98,RU,1622656208
252,akyab,20.15,92.9,83.39,82,14,7.81,MM,1622656209
253,victoria,22.2855,114.1577,85.32,90,86,3.0,HK,1622656209
254,staroaleyskoye,51.0061,82.0,63.27,86,70,5.68,RU,1622656209
255,sao miguel do tapuio,-5.5036,-41.3233,96.96,26,17,4.21,BR,1622656209
256,meulaboh,4.1363,96.1285,78.46,88,100,2.84,ID,1622656210
257,callaway,30.153,-85.5699,88.99,68,20,8.01,US,1622656210
258,nhulunbuy,-12.2333,136.7667,70.41,94,8,3.44,AU,1622656210
259,umba,66.6871,34.3429,59.2,57,91,0.54,RU,1622656211
260,grants,35.1473,-107.8514,77.23,18,1,4.61,US,1622656211
261,alirajpur,22.3031,74.3546,88.93,39,18,7.74,IN,1622656211
262,luderitz,-26.6481,15.1594,67.77,32,0,12.28,NA,1622656212
263,puerto maldonado,-12.6,-69.1833,82.8,69,75,3.44,PE,1622656212
264,zhigansk,66.7697,123.3711,55.45,77,85,12.95,RU,1622656212
265,ust-nera,64.5667,143.2,43.2,81,42,3.31,RU,1622656212
266,gujranwala,32.1617,74.1883,91.45,42,51,7.02,PK,1622656013
267,merrill,45.1805,-89.6835,76.15,47,90,8.05,US,1622656213
268,coihaique,-45.5752,-72.0662,43.41,81,90,4.61,CL,1622656213
269,bairnsdale,-37.8333,147.6167,52.07,90,100,5.35,AU,1622656214
270,jalu,29.0331,21.5482,89.28,22,16,10.85,LY,1622656214
271,fitjar,59.9184,5.3192,73.65,33,0,6.91,NO,1622656214
272,ancud,-41.8697,-73.8203,49.23,90,100,10.65,CL,1622656214
273,vilcun,-38.65,-72.2333,54.34,91,96,3.18,CL,1622656215
274,bonavista,48.6499,-53.1147,69.8,66,25,9.4,CA,1622656066
275,long xuyen,10.3833,105.4167,80.46,85,100,6.53,VN,1622656215
276,mount gambier,-37.8333,140.7667,48.11,93,75,0.0,AU,1622656215
277,hit,33.6416,42.8251,87.58,19,0,12.53,IQ,1622656216
278,vestmannaeyjar,63.4427,-20.2734,49.19,76,0,8.05,IS,1622655921
279,megion,61.0296,76.1136,41.02,76,65,6.87,RU,1622656216
280,luau,-10.7073,22.2247,67.15,35,70,2.68,AO,1622656216
281,cayenne,4.9333,-52.3333,85.08,80,75,3.0,GF,1622656217
282,praia da vitoria,38.7333,-27.0667,66.45,63,20,7.85,PT,1622656217
283,oum hadjer,13.2954,19.6966,98.47,20,99,6.17,TD,1622656217
284,saint-augustin,51.226,-58.6502,61.41,54,77,14.41,CA,1622656218
285,hokitika,-42.7167,170.9667,50.81,79,97,3.62,NZ,1622656166
286,kahului,20.8947,-156.47,79.84,67,20,9.22,US,1622656133
287,stephenville,32.2207,-98.2023,75.33,64,1,6.91,US,1622656155
288,olafsvik,64.8945,-23.7142,45.55,76,47,11.16,IS,1622656218
289,general roca,-39.0333,-67.5833,54.0,32,88,7.67,AR,1622656218
290,comodoro rivadavia,-45.8667,-67.5,49.86,57,0,12.66,AR,1622656219
291,uribia,11.7139,-72.266,90.81,49,100,16.98,CO,1622656219
292,northam,51.0333,-4.2167,67.14,93,100,8.95,GB,1622656219
293,cherskiy,68.75,161.3,49.87,41,40,7.16,RU,1622656220
294,half moon bay,37.4636,-122.4286,74.75,74,75,6.91,US,1622656085
295,makasar,-5.14,119.4221,69.85,94,20,3.96,ID,1622656220
296,ellisras,-23.6649,27.7443,54.48,37,0,5.35,ZA,1622656220
297,asosa,10.0667,34.5333,60.3,93,100,4.92,ET,1622656221
298,burnie,-41.0667,145.9167,49.48,89,53,3.13,AU,1622656221
299,araouane,18.9048,-3.5265,108.09,6,0,8.7,ML,1622656221
300,shitkino,56.3703,98.3543,55.63,62,30,4.0,RU,1622656221
301,poum,-20.2333,164.0167,72.01,67,87,13.13,NC,1622656222
302,shache,38.4167,77.2406,74.44,27,45,7.58,CN,1622656222
303,high level,58.5169,-117.136,71.71,49,75,3.96,CA,1622656222
304,korla,41.7597,86.1469,80.94,20,22,6.55,CN,1622656223
305,goderich,43.7501,-81.7165,76.21,30,72,6.91,CA,1622656223
306,severo-yeniseyskiy,60.3725,93.0408,52.43,96,96,0.63,RU,1622656223
307,loiza,18.4313,-65.8802,86.13,73,75,13.65,PR,1622656224
308,tooele,40.5308,-112.2983,85.03,24,1,7.11,US,1622656224
309,kilosa,-6.8333,36.9833,69.44,88,66,2.17,TZ,1622656224
310,vostok,46.4856,135.8833,49.96,67,100,4.88,RU,1622656225
311,lensk,60.7253,114.9278,58.8,70,47,3.15,RU,1622656225
312,hovd,48.0056,91.6419,64.35,36,76,4.85,MN,1622656225
313,coahuayana,18.7333,-103.6833,93.51,45,94,8.43,MX,1622656225
314,topeka,39.0483,-95.678,75.88,60,75,6.91,US,1622656001
315,iqaluit,63.7506,-68.5145,33.53,93,90,8.99,CA,1622656226
316,berea,41.3662,-81.8543,68.74,85,90,1.01,US,1622656226
317,talakan,50.3167,130.3667,49.87,87,83,6.35,RU,1622656226
318,acapulco,16.8634,-99.8901,89.42,55,75,7.0,MX,1622656038
319,repalle,16.0167,80.85,87.17,74,10,7.61,IN,1622656227
320,pouembout,-21.1333,164.9,68.58,58,70,3.38,NC,1622656227
321,south sioux city,42.4739,-96.4136,81.16,25,1,4.0,US,1622656227
322,puerto lempira,15.2667,-83.7667,89.74,74,75,5.75,HN,1622656228
323,svetlyy,54.675,20.1347,62.65,73,38,8.5,RU,1622656228
324,suarez,2.954,-76.6964,81.12,66,84,3.65,CO,1622656228
325,ternate,0.8,127.4,81.14,77,92,1.5,ID,1622656228
326,pekalongan,-6.8886,109.6753,77.31,85,69,4.83,ID,1622656229
327,gamba,-2.65,10.0,75.97,87,43,6.15,GA,1622656229
328,henties bay,-22.116,14.2845,64.85,55,0,9.89,NA,1622656229
329,namatanai,-3.6667,152.4333,78.03,84,63,4.05,PG,1622656230
330,itaituba,-4.2761,-55.9836,95.16,55,40,8.05,BR,1622656230
331,ratnapura,6.6828,80.3992,77.22,96,93,1.79,LK,1622656230
332,mahina,-17.5065,-149.489,76.77,69,20,13.44,PF,1622656231
333,kinablangan,7.6947,126.5503,78.39,85,68,4.09,PH,1622656231
334,shizunai,42.3339,142.3669,53.29,86,48,5.5,JP,1622656231
335,padina,45.1181,20.7272,67.86,77,24,7.07,RS,1622656232
336,saint george,37.1041,-113.5841,97.54,14,99,1.01,US,1622656085
337,ust-tsilma,65.441,52.1498,43.3,82,100,10.96,RU,1622656232
338,sao felix do xingu,-6.6447,-51.995,92.23,37,3,4.92,BR,1622656232
339,fukuma,33.7667,130.4667,69.8,81,74,2.37,JP,1622656232
340,teguise,29.0605,-13.564,71.82,50,20,15.86,ES,1622656078
341,faanui,-16.4833,-151.75,80.44,71,50,14.47,PF,1622656233
342,dustlik,40.5247,68.0358,84.79,22,31,5.26,UZ,1622656233
343,matara,5.9485,80.5353,79.68,85,87,11.68,LK,1622656234
344,rentina,40.6574,23.614,70.86,73,44,8.01,GR,1622656234
345,beringovskiy,63.05,179.3167,31.01,81,23,7.36,RU,1622656234
346,castro,-24.7911,-50.0119,70.2,63,10,8.75,BR,1622656235
347,fort nelson,58.8053,-122.7002,72.99,40,75,3.44,CA,1622655942
348,kysyl-syr,63.8986,122.7617,52.18,87,47,4.45,RU,1622656235
349,luena,-11.7833,19.9167,60.73,42,25,3.27,AO,1622656235
350,alakurtti,66.9672,30.3491,66.97,49,80,2.55,RU,1622656236
351,sorland,67.667,12.6934,53.46,75,13,6.15,NO,1622656236
352,ahipara,-35.1667,173.1667,56.26,78,98,6.13,NZ,1622656236
353,aksu,41.1231,80.2644,75.06,33,81,7.99,CN,1622656236
354,lundin links,56.2124,-2.953,58.75,60,73,13.29,GB,1622656237
355,opunake,-39.4556,173.8583,46.62,81,5,2.82,NZ,1622656237
356,pyinmana,19.7333,96.2167,82.2,67,48,6.78,MM,1622656237
357,aklavik,68.2191,-135.0107,32.83,86,90,5.75,CA,1622656238
358,khani,41.9563,42.9566,56.77,99,92,3.98,GE,1622656238
359,port-cartier,50.0334,-66.8654,68.22,31,18,7.65,CA,1622656238
360,skibbereen,51.55,-9.2667,58.8,97,100,1.77,IE,1622656239
361,seybaplaya,19.65,-90.6667,88.59,50,8,8.52,MX,1622656239
362,williamsburg,37.2707,-76.7075,82.17,59,1,8.05,US,1622655977
363,sao joao da barra,-21.6403,-41.0511,82.49,75,1,10.0,BR,1622656239
364,ardatov,55.2421,43.097,49.8,84,30,8.08,RU,1622656240
365,katsuura,35.1333,140.3,70.11,83,93,8.32,JP,1622656240
366,batagay-alyta,67.8006,130.4114,53.28,42,49,4.03,RU,1622656094
367,huescar,37.811,-2.5412,77.94,23,37,8.86,ES,1622656163
368,ambovombe,-25.1667,46.0833,68.4,91,50,11.95,MG,1622656240
369,sao filipe,14.8961,-24.4956,75.04,75,70,12.26,CV,1622656241
370,warmbad,-28.45,18.7333,55.8,36,0,7.58,NA,1622656241
371,rudabanya,48.3833,20.6333,61.83,65,98,7.25,HU,1622656241
372,gushikawa,26.3544,127.8686,78.8,90,75,7.4,JP,1622656242
373,churapcha,62.0025,132.4325,51.22,63,56,6.22,RU,1622656242
374,mitu,1.1983,-70.1733,86.56,57,84,3.49,CO,1622656101
375,ayan,56.45,138.1667,36.23,94,82,0.6,RU,1622656242
376,namibe,-15.1961,12.1522,70.65,86,75,8.41,AO,1622656242
377,murgab,37.4966,61.9714,93.07,31,0,8.34,TM,1622656243
378,zhovti vody,48.3473,33.5003,56.86,96,100,11.92,UA,1622656243
379,san luis,-33.295,-66.3356,69.19,38,10,4.41,AR,1622656243
380,zhezkazgan,47.8043,67.7144,68.74,57,78,4.83,KZ,1622656243
381,labuhan,-6.8844,112.2051,78.85,84,63,8.43,ID,1622656244
382,ostersund,63.1792,14.6357,72.05,35,40,11.5,SE,1622656244
383,adamovka,51.5223,59.9396,67.84,42,40,9.4,RU,1622656244
384,kahuta,33.5913,73.3868,85.86,57,72,6.02,PK,1622656245
385,aranos,-24.1333,19.1167,51.42,26,0,10.8,NA,1622656245
386,joshimath,30.5667,79.5667,60.64,75,48,4.21,IN,1622656245
387,ixtapa,20.7,-105.2,95.74,38,100,7.94,MX,1622656245
388,stornoway,58.2093,-6.3865,62.56,67,0,8.05,GB,1622656246
389,brae,60.3964,-1.353,55.31,66,0,15.79,GB,1622656246
390,xining,36.6167,101.7667,50.59,64,100,2.71,CN,1622656246
391,bubaque,11.2833,-15.8333,79.72,77,71,15.1,GW,1622656246
392,buluang,13.3068,123.3425,78.96,87,100,7.27,PH,1622656247
393,arman,59.7,150.1667,38.71,94,99,2.35,RU,1622656247
394,soe,-9.8607,124.284,64.69,94,61,3.76,ID,1622656247
395,natal,-5.795,-35.2094,86.65,48,40,13.6,BR,1622656031
396,kerman,30.2832,57.0788,89.46,12,20,9.31,IR,1622656248
397,atar,20.5169,-13.0499,97.54,23,100,12.64,MR,1622656248
398,sinnamary,5.3833,-52.95,81.7,81,29,5.95,GF,1622656248
399,ilulissat,69.2167,-51.1,39.81,64,1,7.02,GL,1622656249
400,catia la mar,10.6038,-67.0303,82.6,78,87,6.91,VE,1622656249
401,itoman,26.1247,127.6694,79.57,94,75,12.66,JP,1622656249
402,ostrovnoy,68.0531,39.5131,45.46,87,92,5.64,RU,1622656249
403,requena,39.4883,-1.1004,68.13,69,40,11.01,ES,1622656250
404,tagusao,9.1924,117.8141,80.53,84,98,4.16,PH,1622656250
405,sassandra,4.95,-6.0833,81.61,77,38,8.48,CI,1622656250
406,grand gaube,-20.0064,57.6608,76.37,69,27,8.99,MU,1622656251
407,lae,-6.7221,146.9847,74.91,92,100,5.68,PG,1622656251
408,mason city,43.1536,-93.201,79.34,29,1,4.21,US,1622656170
409,klaksvik,62.2266,-6.589,50.92,95,99,9.62,FO,1622656251
410,mumford,5.2618,-0.759,81.91,79,92,12.12,GH,1622656252
411,jutai,-5.1833,-68.9,89.94,51,57,2.59,BR,1622656252
412,banepa,27.6298,85.5214,68.32,94,20,2.71,NP,1622656252
413,pipar,26.3856,73.5378,91.98,34,0,11.32,IN,1622656253
414,dali,25.7,100.1833,64.56,86,37,5.75,CN,1622656253
415,herzogenbuchsee,47.188,7.7062,68.22,77,95,4.23,CH,1622656253
416,samarai,-10.6167,150.6667,77.94,84,100,13.53,PG,1622656254
417,dubovskoye,47.4092,42.7575,63.07,91,88,7.81,RU,1622656254
418,guane,22.2025,-84.0875,85.91,57,37,7.36,CU,1622656254
419,rawlins,41.7911,-107.2387,68.34,30,1,0.0,US,1622656255
420,vaitape,-16.5167,-151.75,80.4,71,51,14.38,PF,1622656255
421,hudson bay,52.85,-102.3842,81.39,39,97,10.36,CA,1622656255
422,zyryanka,65.75,150.85,54.23,45,79,3.96,RU,1622656255
423,panguipulli,-39.6333,-72.3333,53.31,95,100,2.42,CL,1622656256
424,biak,-0.9131,122.8766,75.47,80,99,5.19,ID,1622656256
425,nuuk,64.1835,-51.7216,38.01,79,99,11.32,GL,1622656256
426,tiksi,71.6872,128.8694,47.1,76,86,12.44,RU,1622656257
427,manta,-0.95,-80.7333,78.58,78,90,5.75,EC,1622656257
428,hasaki,35.7333,140.8333,64.29,80,100,10.33,JP,1622656257
429,todos santos,23.45,-110.2167,91.99,42,15,6.42,MX,1622656257
430,tanete,-3.9443,119.7848,72.97,88,42,4.29,ID,1622656258
431,yatou,37.15,122.3833,62.78,96,91,16.11,CN,1622656258
432,umm lajj,25.0213,37.2685,85.23,62,0,8.5,SA,1622656258
433,mana,5.6592,-53.7767,82.6,76,57,6.04,GF,1622656259
434,kutum,14.2,24.6667,90.05,15,83,4.16,SD,1622656259
435,lerwick,60.1545,-1.1494,55.4,77,0,13.71,GB,1622656259
436,djibo,14.1022,-1.6306,104.7,14,21,7.47,BF,1622656168
437,vila velha,-20.3297,-40.2925,80.55,73,0,5.99,BR,1622656259
438,ferrol,43.4832,-8.2369,62.85,89,97,17.27,ES,1622656260
439,margate,51.3813,1.3862,66.87,89,98,8.05,GB,1622656260
440,cordoba,-31.4135,-64.1811,72.45,37,0,6.24,AR,1622656107
441,srednekolymsk,67.45,153.6833,58.53,36,84,3.96,RU,1622656260
442,pak phanang,8.3511,100.202,81.95,82,86,5.88,TH,1622656261
443,lazaro cardenas,17.9583,-102.2,90.63,51,97,7.43,MX,1622656261
444,maceio,-9.6658,-35.7353,81.84,74,75,10.09,BR,1622656261
445,nizhnevartovsk,60.9344,76.5531,41.02,75,0,4.47,RU,1622656262
446,dubbo,-32.25,148.6167,55.53,94,90,4.61,AU,1622656262
447,noyabrsk,63.1994,75.4507,38.97,69,88,10.74,RU,1622656262
448,buckeye,33.3703,-112.5838,99.66,13,44,9.22,US,1622656262
449,alofi,-19.0595,-169.9187,71.49,100,100,4.61,NU,1622656263
450,sechura,-5.5569,-80.8222,76.89,61,92,11.3,PE,1622656263
451,leningradskiy,69.3833,178.4167,26.04,94,59,9.75,RU,1622656263
452,shenjiamen,29.9576,122.298,71.35,99,88,12.8,CN,1622656264
453,lindas,60.7381,5.16,72.72,61,10,7.92,NO,1622656264
454,hargeysa,9.56,44.065,73.26,58,60,24.34,SO,1622656264
455,kawardha,22.0167,81.25,85.23,50,92,3.31,IN,1622656264
456,mezobereny,46.8167,21.0333,65.01,69,96,6.08,HU,1622656153
457,mehran,33.1222,46.1646,92.68,12,11,11.48,IR,1622656265
458,itarema,-2.9248,-39.9167,83.89,69,34,14.25,BR,1622656265
459,porangatu,-13.4408,-49.1486,94.26,21,0,3.71,BR,1622656079
460,marzuq,14.4,46.4667,81.0,48,87,5.37,YE,1622656265
461,port augusta,-32.5,137.7667,51.94,80,64,5.37,AU,1622656266
462,carsamba,41.1989,36.7219,56.16,94,62,4.5,TR,1622656266
463,cascais,38.6979,-9.4215,68.61,66,20,13.0,PT,1622656266
464,roma,43.2128,-75.4557,75.58,70,90,11.5,US,1622656181
465,cheney,47.4874,-117.5758,86.99,35,1,5.55,US,1622656266
466,kourou,5.1552,-52.6478,85.1,77,35,6.91,GF,1622656267
467,la libertad,-2.2333,-80.9,74.86,83,90,10.36,EC,1622656267
468,port-gentil,-0.7193,8.7815,80.56,78,40,8.05,GA,1622656267
469,okato,-39.2,173.8833,45.68,87,31,5.5,NZ,1622656268
470,newark,40.7357,-74.1724,80.71,58,75,9.22,US,1622656022
471,nicolas bravo,18.45,-88.9167,88.68,30,71,3.96,MX,1622656268
472,balakhninskiy,58.0106,114.2769,50.72,95,83,3.22,RU,1622656269
473,heerde,52.3872,6.0402,81.01,66,89,5.61,NL,1622656269
474,marquette,46.5333,-87.6335,75.78,69,95,8.9,US,1622656269
475,hongjiang,27.11,109.9956,74.68,98,93,1.32,CN,1622656270
476,lodja,-3.4833,23.4333,74.91,54,90,1.05,CD,1622656270
477,parintins,-2.6283,-56.7358,86.99,59,30,1.25,BR,1622656270
478,isangel,-19.55,169.2667,68.68,67,14,7.83,VU,1622656271
479,padilla,3.2204,-76.3139,81.97,63,100,2.33,CO,1622656271
480,naerbo,58.6667,5.65,65.8,61,45,9.01,NO,1622656271
481,chiredzi,-21.05,31.6667,62.51,78,0,6.96,ZW,1622656271
482,villa carlos paz,-31.4241,-64.4978,69.08,53,98,1.99,AR,1622656272
483,hamilton,39.1834,-84.5333,67.08,95,90,1.01,US,1622655974
484,xudat,41.631,48.681,70.29,72,3,8.81,AZ,1622656272
485,strezhevoy,60.7333,77.5889,40.98,76,75,6.4,RU,1622656272
486,porvoo,60.3923,25.6651,70.3,69,48,1.79,FI,1622656273
487,kalanguy,51.0167,116.5167,46.72,91,85,5.64,RU,1622656273
488,paamiut,61.994,-49.6678,38.17,88,100,9.04,GL,1622656273
489,ballitoville,-29.539,31.2144,63.25,82,0,13.6,ZA,1622656274
490,north bend,43.4065,-124.2243,79.95,88,75,6.91,US,1622656274
491,najran,17.4924,44.1277,88.45,15,100,4.68,SA,1622656274
492,charlestown,-32.95,151.6667,56.57,84,99,1.99,AU,1622655993
493,miandrivazo,-19.5167,45.4667,78.08,53,45,4.54,MG,1622656275
494,hualmay,-11.0964,-77.6139,69.53,70,99,8.14,PE,1622656275
495,naron,43.5167,-8.1528,60.67,91,98,13.91,ES,1622656275
496,cozumel,20.5083,-86.9458,86.07,76,40,5.01,MX,1622656275
497,yulara,-25.2406,130.9889,51.64,71,82,9.22,AU,1622656276
498,grimsby,53.5654,-0.0755,69.1,82,0,11.83,GB,1622656276
499,vitim,59.4511,112.5578,60.4,70,84,1.05,RU,1622656276
500,cockburn town,21.4612,-71.1419,82.36,65,40,14.97,TC,1622656277
501,tessalit,20.1986,1.0114,106.07,5,2,7.16,ML,1622656277
502,talcahuano,-36.7167,-73.1167,58.68,88,90,3.44,CL,1622656277
503,kirakira,-10.4544,161.9205,78.78,89,35,8.77,SB,1622656277
504,prijepolje,43.3719,19.6406,60.08,78,33,4.43,RS,1622656278
505,winchester,51.0651,-1.3187,71.73,64,20,1.01,GB,1622656278
506,ukiah,39.1502,-123.2078,93.04,49,1,4.61,US,1622656278
507,sulecin,52.4443,15.1168,71.31,58,82,11.79,PL,1622656279
508,vila franca do campo,37.7167,-25.4333,64.81,57,73,9.93,PT,1622656279
509,valdivia,-39.8142,-73.2459,55.49,82,99,2.3,CL,1622656279
510,kulhudhuffushi,6.6221,73.07,83.16,75,64,18.21,MV,1622656280
511,abancay,-13.6339,-72.8814,70.84,45,85,4.56,PE,1622656280
512,kitui,-1.367,38.0106,65.37,72,65,7.02,KE,1622656280
513,marau,-28.4492,-52.2,68.63,74,100,8.41,BR,1622656281
514,kapustin yar,48.5831,45.7372,64.83,92,96,5.53,RU,1622656281
515,los llanos de aridane,28.6585,-17.9182,67.75,86,75,8.79,ES,1622656281
516,stromness,58.965,-3.296,53.56,86,76,23.98,GB,1622656282
517,gat,31.61,34.7642,74.8,31,0,9.17,IL,1622656282
518,gilleleje,56.122,12.3106,66.97,56,7,1.99,DK,1622656282
519,sungaipenuh,-2.0833,101.3833,65.71,98,73,0.18,ID,1622656282
520,cabedelo,-6.9811,-34.8339,84.87,68,14,13.35,BR,1622656084
521,chipata,-13.6333,32.65,66.47,65,83,5.64,ZM,1622656283
522,jacareacanga,-6.2222,-57.7528,95.31,46,20,4.61,BR,1622656283
523,mitsamiouli,-11.3847,43.2844,78.46,69,86,5.06,KM,1622656283
524,chapleau,47.8405,-83.4034,71.69,33,75,8.05,CA,1622656284
525,ahlat,38.7518,42.4814,55.62,47,0,5.37,TR,1622656284
526,horsham,51.064,-0.3272,76.93,43,0,6.35,GB,1622656284
527,malanje,-9.5402,16.341,66.92,36,26,2.19,AO,1622656284
528,povoa de varzim,41.3834,-8.7636,64.15,94,75,17.47,PT,1622656285
529,san quintin,30.4833,-115.95,67.17,68,45,9.26,MX,1622656285
530,garowe,8.4054,48.4845,83.57,47,100,19.37,SO,1622656285
531,hohhot,40.8106,111.6522,48.49,53,40,8.19,CN,1622656286
532,tankhoy,51.5528,105.1306,50.43,71,61,6.29,RU,1622656286
533,salinopolis,-0.6136,-47.3561,84.56,70,12,10.71,BR,1622656286
534,barcelona,41.3888,2.159,79.45,75,20,1.99,ES,1622656086
